{
  "dataset": {
    "rows": 420533,
    "features": 26,
    "target_column": "T (degC)",
    "binary_column": "HighTemperature",
    "median_threshold": 9.42,
    "window": 24,
    "positive_ratio": 0.49969205746041334,
    "used_class_weights": false
  },
  "baseline": {
    "logistic_regression": {
      "accuracy": 0.9796122199850976,
      "precision": 0.9786950732356857,
      "recall": 0.9774269444539162,
      "f1": 0.9780605977889996
    }
  },
  "cnn_search": [
    {
      "filters": 64,
      "kernel_size": 3,
      "epochs_ran": 15,
      "val_accuracy": 0.9939913754835437,
      "val_precision": 0.9952451627088831,
      "val_recall": 0.994343301205481,
      "val_f1": 0.9947940275545666,
      "best_val_loss": 0.014873284846544266
    },
    {
      "filters": 64,
      "kernel_size": 5,
      "epochs_ran": 12,
      "val_accuracy": 0.9932938042995751,
      "val_precision": 0.994232987312572,
      "val_recall": 0.9941510832852789,
      "val_f1": 0.9941920336120608,
      "best_val_loss": 0.016116421669721603
    },
    {
      "filters": 128,
      "kernel_size": 3,
      "epochs_ran": 14,
      "val_accuracy": 0.9938803982497305,
      "val_precision": 0.9947274474804338,
      "val_recall": 0.9946728176401132,
      "val_f1": 0.9947001318101933,
      "best_val_loss": 0.01527629978954792
    },
    {
      "filters": 128,
      "kernel_size": 5,
      "epochs_ran": 12,
      "val_accuracy": 0.9939121060308199,
      "val_precision": 0.9951356253607058,
      "val_recall": 0.9943158415025949,
      "val_f1": 0.9947255645294215,
      "best_val_loss": 0.015370266512036324
    }
  ],
  "cnn_best_config": {
    "filters": 64,
    "kernel_size": 3
  },
  "cnn_test_metrics": {
    "accuracy": 0.9937378125148628,
    "precision": 0.9934843419526506,
    "recall": 0.9930439526715995,
    "f1": 0.9932640984976382
  },
  "assignment_2_transfer": {
    "classification": {
      "accuracy": 0.9992390615091947,
      "precision": 0.9984677721406926,
      "recall": 0.999897705186347,
      "f1": 0.9991822270682841
    },
    "regression": {
      "rmse": 0.019534579380698504,
      "mae": 0.013236939907073975
    }
  },
  "assignment_3_transfer": {
    "window": 24,
    "classification": {
      "accuracy": 0.9949743963726874,
      "precision": 0.9954908792785406,
      "recall": 0.9936918198247349,
      "f1": 0.9945905359976792
    },
    "regression": {
      "rmse": 0.18673699820502335,
      "mae": 0.12334687262773514
    }
  }
}